date,year,month,total,clim_adjust,anom
01/01/1950,1950,1,24.56,26.18,-1.62
01/02/1950,1950,2,25.07,26.39,-1.32
01/03/1950,1950,3,25.88,26.95,-1.07
01/04/1950,1950,4,26.29,27.39,-1.11
01/05/1950,1950,5,26.19,27.56,-1.37
01/06/1950,1950,6,26.47,27.21,-0.74
01/07/1950,1950,7,26.28,26.72,-0.44
01/08/1950,1950,8,25.88,26.3,-0.42
01/09/1950,1950,9,25.73,26.14,-0.41
01/10/1950,1950,10,25.68,26.01,-0.32
01/11/1950,1950,11,25.46,26.06,-0.6
01/12/1950,1950,12,25.29,26.18,-0.88
01/01/1951,1951,1,25.26,26.18,-0.92
01/02/1951,1951,2,25.72,26.39,-0.66
01/03/1951,1951,3,26.91,26.95,-0.04
01/04/1951,1951,4,27.59,27.39,0.2
01/05/1951,1951,5,27.93,27.56,0.37
01/06/1951,1951,6,27.73,27.21,0.52
01/07/1951,1951,7,27.59,26.72,0.87
01/08/1951,1951,8,27.01,26.3,0.71
01/09/1951,1951,9,27.22,26.14,1.08
01/10/1951,1951,10,27.2,26.01,1.19
01/11/1951,1951,11,27.25,26.06,1.19
01/12/1951,1951,12,26.92,26.18,0.74
01/01/1952,1952,1,26.67,26.18,0.49
01/02/1952,1952,2,26.75,26.39,0.37
01/03/1952,1952,3,27.19,26.95,0.24
01/04/1952,1952,4,27.81,27.39,0.42
01/05/1952,1952,5,27.79,27.56,0.23
01/06/1952,1952,6,27.18,27.21,-0.03
01/07/1952,1952,7,26.52,26.72,-0.2
01/08/1952,1952,8,26.3,26.3,0
01/09/1952,1952,9,26.35,26.14,0.21
01/10/1952,1952,10,26.25,26.01,0.25
01/11/1952,1952,11,25.92,26.06,-0.14
01/12/1952,1952,12,26.21,26.18,0.03
01/01/1953,1953,1,26.74,26.18,0.56
01/02/1953,1953,2,27,26.39,0.61
01/03/1953,1953,3,27.57,26.95,0.62
01/04/1953,1953,4,28.03,27.39,0.64
01/05/1953,1953,5,28.28,27.56,0.71
01/06/1953,1953,6,28.12,27.21,0.9
01/07/1953,1953,7,27.42,26.72,0.7
01/08/1953,1953,8,26.93,26.3,0.63
01/09/1953,1953,9,27,26.14,0.85
01/10/1953,1953,10,26.87,26.01,0.86
01/11/1953,1953,11,26.88,26.06,0.82
01/12/1953,1953,12,27.01,26.18,0.83
01/01/1954,1954,1,26.98,26.18,0.8
01/02/1954,1954,2,27.03,26.39,0.64
01/03/1954,1954,3,26.91,26.95,-0.04
01/04/1954,1954,4,26.65,27.39,-0.74
01/05/1954,1954,5,27.11,27.56,-0.45
01/06/1954,1954,6,26.79,27.21,-0.42
01/07/1954,1954,7,26.1,26.72,-0.62
01/08/1954,1954,8,25.42,26.3,-0.88
01/09/1954,1954,9,25.11,26.14,-1.03
01/10/1954,1954,10,25.22,26.01,-0.78
01/11/1954,1954,11,25.56,26.06,-0.5
01/12/1954,1954,12,25.26,26.18,-0.91
01/01/1955,1955,1,25.62,26.18,-0.56
01/02/1955,1955,2,25.82,26.39,-0.57
01/03/1955,1955,3,26.23,26.95,-0.72
01/04/1955,1955,4,26.61,27.39,-0.78
01/05/1955,1955,5,26.65,27.56,-0.91
01/06/1955,1955,6,26.54,27.21,-0.67
01/07/1955,1955,7,26.14,26.72,-0.58
01/08/1955,1955,8,25.5,26.3,-0.8
01/09/1955,1955,9,25.28,26.14,-0.87
01/10/1955,1955,10,24.41,26.01,-1.6
01/11/1955,1955,11,24.25,26.06,-1.81
01/12/1955,1955,12,24.57,26.18,-1.61
01/01/1956,1956,1,25.34,26.33,-0.99
01/02/1956,1956,2,25.77,26.51,-0.74
01/03/1956,1956,3,26.47,27.01,-0.54
01/04/1956,1956,4,26.86,27.46,-0.6
01/05/1956,1956,5,27.13,27.59,-0.46
01/06/1956,1956,6,26.81,27.29,-0.48
01/07/1956,1956,7,26.22,26.8,-0.58
01/08/1956,1956,8,25.67,26.32,-0.65
01/09/1956,1956,9,25.72,26.15,-0.43
01/10/1956,1956,10,25.74,26.03,-0.29
01/11/1956,1956,11,25.56,26.1,-0.54
01/12/1956,1956,12,25.71,26.18,-0.47
01/01/1957,1957,1,26.04,26.33,-0.29
01/02/1957,1957,2,26.54,26.51,0.02
01/03/1957,1957,3,27.46,27.01,0.45
01/04/1957,1957,4,28.23,27.46,0.77
01/05/1957,1957,5,28.54,27.59,0.94
01/06/1957,1957,6,28.35,27.29,1.05
01/07/1957,1957,7,28.15,26.8,1.34
01/08/1957,1957,8,27.68,26.32,1.36
01/09/1957,1957,9,27.42,26.15,1.27
01/10/1957,1957,10,27.41,26.03,1.37
01/11/1957,1957,11,27.62,26.1,1.52
01/12/1957,1957,12,27.89,26.18,1.71
01/01/1958,1958,1,28.32,26.33,1.98
01/02/1958,1958,2,28.24,26.51,1.72
01/03/1958,1958,3,28.27,27.01,1.26
01/04/1958,1958,4,28.28,27.46,0.81
01/05/1958,1958,5,28.3,27.59,0.71
01/06/1958,1958,6,27.98,27.29,0.69
01/07/1958,1958,7,27.31,26.8,0.51
01/08/1958,1958,8,26.84,26.32,0.52
01/09/1958,1958,9,26.4,26.15,0.25
01/10/1958,1958,10,26.45,26.03,0.41
01/11/1958,1958,11,26.75,26.1,0.65
01/12/1958,1958,12,26.61,26.18,0.44
01/01/1959,1959,1,27.07,26.33,0.74
01/02/1959,1959,2,27.18,26.51,0.67
01/03/1959,1959,3,27.47,27.01,0.46
01/04/1959,1959,4,27.88,27.46,0.42
01/05/1959,1959,5,27.69,27.59,0.1
01/06/1959,1959,6,27.36,27.29,0.07
01/07/1959,1959,7,26.43,26.8,-0.37
01/08/1959,1959,8,26.09,26.32,-0.24
01/09/1959,1959,9,25.92,26.15,-0.23
01/10/1959,1959,10,26.24,26.03,0.2
01/11/1959,1959,11,26.04,26.1,-0.06
01/12/1959,1959,12,26.18,26.18,0
01/01/1960,1960,1,26.26,26.33,-0.07
01/02/1960,1960,2,26.29,26.51,-0.22
01/03/1960,1960,3,26.99,27.01,-0.02
01/04/1960,1960,4,27.49,27.46,0.03
01/05/1960,1960,5,27.68,27.59,0.08
01/06/1960,1960,6,27.23,27.29,-0.06
01/07/1960,1960,7,26.87,26.8,0.07
01/08/1960,1960,8,26.69,26.32,0.36
01/09/1960,1960,9,26.43,26.15,0.28
01/10/1960,1960,10,26.21,26.03,0.18
01/11/1960,1960,11,26.25,26.1,0.15
01/12/1960,1960,12,26.22,26.18,0.04
01/01/1961,1961,1,26.23,26.27,-0.04
01/02/1961,1961,2,26.56,26.45,0.1
01/03/1961,1961,3,26.94,26.92,0.02
01/04/1961,1961,4,27.37,27.37,0
01/05/1961,1961,5,27.75,27.49,0.26
01/06/1961,1961,6,27.66,27.22,0.44
01/07/1961,1961,7,26.87,26.76,0.11
01/08/1961,1961,8,26.18,26.3,-0.12
01/09/1961,1961,9,25.78,26.16,-0.38
01/10/1961,1961,10,25.7,26.09,-0.38
01/11/1961,1961,11,26.07,26.08,-0.01
01/12/1961,1961,12,25.98,26.14,-0.16
01/01/1962,1962,1,25.96,26.27,-0.3
01/02/1962,1962,2,26.2,26.45,-0.26
01/03/1962,1962,3,26.81,26.92,-0.11
01/04/1962,1962,4,27.13,27.37,-0.24
01/05/1962,1962,5,27.05,27.49,-0.44
01/06/1962,1962,6,27.08,27.22,-0.14
01/07/1962,1962,7,26.75,26.76,0
01/08/1962,1962,8,26.32,26.3,0.02
01/09/1962,1962,9,25.93,26.16,-0.23
01/10/1962,1962,10,25.96,26.09,-0.12
01/11/1962,1962,11,25.75,26.08,-0.32
01/12/1962,1962,12,25.67,26.14,-0.47
01/01/1963,1963,1,25.77,26.27,-0.5
01/02/1963,1963,2,26.23,26.45,-0.23
01/03/1963,1963,3,27.18,26.92,0.26
01/04/1963,1963,4,27.79,27.37,0.41
01/05/1963,1963,5,27.63,27.49,0.14
01/06/1963,1963,6,27.61,27.22,0.39
01/07/1963,1963,7,27.77,26.76,1.02
01/08/1963,1963,8,27.47,26.3,1.17
01/09/1963,1963,9,27.39,26.16,1.23
01/10/1963,1963,10,27.35,26.09,1.26
01/11/1963,1963,11,27.46,26.08,1.39
01/12/1963,1963,12,27.61,26.14,1.47
01/01/1964,1964,1,27.33,26.27,1.06
01/02/1964,1964,2,27.13,26.45,0.68
01/03/1964,1964,3,27.02,26.92,0.1
01/04/1964,1964,4,26.95,27.37,-0.42
01/05/1964,1964,5,26.82,27.49,-0.67
01/06/1964,1964,6,26.58,27.22,-0.64
01/07/1964,1964,7,26.33,26.76,-0.43
01/08/1964,1964,8,25.59,26.3,-0.72
01/09/1964,1964,9,25.32,26.16,-0.84
01/10/1964,1964,10,25.36,26.09,-0.73
01/11/1964,1964,11,25.26,26.08,-0.82
01/12/1964,1964,12,25.22,26.14,-0.92
01/01/1965,1965,1,25.66,26.27,-0.61
01/02/1965,1965,2,26.2,26.45,-0.25
01/03/1965,1965,3,26.95,26.92,0.03
01/04/1965,1965,4,27.38,27.37,0.01
01/05/1965,1965,5,27.99,27.49,0.5
01/06/1965,1965,6,28.08,27.22,0.86
01/07/1965,1965,7,27.89,26.76,1.14
01/08/1965,1965,8,27.96,26.3,1.66
01/09/1965,1965,9,28,26.16,1.84
01/10/1965,1965,10,28.15,26.09,2.06
01/11/1965,1965,11,28.11,26.08,2.03
01/12/1965,1965,12,27.95,26.14,1.81
01/01/1966,1966,1,27.66,26.36,1.31
01/02/1966,1966,2,27.55,26.56,1
01/03/1966,1966,3,28.21,27.02,1.19
01/04/1966,1966,4,28.16,27.4,0.76
01/05/1966,1966,5,27.55,27.53,0.02
01/06/1966,1966,6,27.63,27.35,0.29
01/07/1966,1966,7,27.32,26.9,0.42
01/08/1966,1966,8,26.48,26.46,0.02
01/09/1966,1966,9,26.27,26.34,-0.07
01/10/1966,1966,10,26.22,26.33,-0.11
01/11/1966,1966,11,26.23,26.35,-0.12
01/12/1966,1966,12,26.02,26.33,-0.31
01/01/1967,1967,1,25.88,26.36,-0.48
01/02/1967,1967,2,26.12,26.56,-0.44
01/03/1967,1967,3,26.51,27.02,-0.51
01/04/1967,1967,4,26.75,27.4,-0.66
01/05/1967,1967,5,27.35,27.53,-0.18
01/06/1967,1967,6,27.46,27.35,0.12
01/07/1967,1967,7,26.96,26.9,0.06
01/08/1967,1967,8,26.43,26.46,-0.03
01/09/1967,1967,9,25.85,26.34,-0.49
01/10/1967,1967,10,25.96,26.33,-0.36
01/11/1967,1967,11,26.07,26.35,-0.28
01/12/1967,1967,12,25.95,26.33,-0.38
01/01/1968,1968,1,25.69,26.36,-0.66
01/02/1968,1968,2,25.69,26.56,-0.86
01/03/1968,1968,3,26.34,27.02,-0.68
01/04/1968,1968,4,27.1,27.4,-0.3
01/05/1968,1968,5,27.19,27.53,-0.34
01/06/1968,1968,6,27.87,27.35,0.52
01/07/1968,1968,7,27.57,26.9,0.66
01/08/1968,1968,8,27,26.46,0.54
01/09/1968,1968,9,26.72,26.34,0.38
01/10/1968,1968,10,26.75,26.33,0.42
01/11/1968,1968,11,27.2,26.35,0.85
01/12/1968,1968,12,27.27,26.33,0.94
01/01/1969,1969,1,27.5,26.36,1.14
01/02/1969,1969,2,27.86,26.56,1.31
01/03/1969,1969,3,27.83,27.02,0.81
01/04/1969,1969,4,28.14,27.4,0.73
01/05/1969,1969,5,28.29,27.53,0.76
01/06/1969,1969,6,27.69,27.35,0.35
01/07/1969,1969,7,27.08,26.9,0.18
01/08/1969,1969,8,27.02,26.46,0.56
01/09/1969,1969,9,27.15,26.34,0.81
01/10/1969,1969,10,27.34,26.33,1.01
01/11/1969,1969,11,27.11,26.35,0.76
01/12/1969,1969,12,26.98,26.33,0.66
01/01/1970,1970,1,26.84,26.36,0.48
01/02/1970,1970,2,26.96,26.56,0.41
01/03/1970,1970,3,27.15,27.02,0.13
01/04/1970,1970,4,27.75,27.4,0.34
01/05/1970,1970,5,27.63,27.53,0.1
01/06/1970,1970,6,27.03,27.35,-0.31
01/07/1970,1970,7,26.21,26.9,-0.7
01/08/1970,1970,8,25.59,26.46,-0.87
01/09/1970,1970,9,25.64,26.34,-0.7
01/10/1970,1970,10,25.59,26.33,-0.73
01/11/1970,1970,11,25.57,26.35,-0.78
01/12/1970,1970,12,25.27,26.33,-1.06
01/01/1971,1971,1,24.82,26.42,-1.6
01/02/1971,1971,2,25.2,26.61,-1.42
01/03/1971,1971,3,25.93,27.06,-1.13
01/04/1971,1971,4,26.64,27.44,-0.8
01/05/1971,1971,5,26.95,27.56,-0.61
01/06/1971,1971,6,26.6,27.38,-0.78
01/07/1971,1971,7,26.12,26.94,-0.82
01/08/1971,1971,8,25.74,26.54,-0.79
01/09/1971,1971,9,25.71,26.42,-0.71
01/10/1971,1971,10,25.47,26.43,-0.96
01/11/1971,1971,11,25.55,26.43,-0.88
01/12/1971,1971,12,25.37,26.4,-1.03
01/01/1972,1972,1,25.63,26.42,-0.78
01/02/1972,1972,2,26.31,26.61,-0.3
01/03/1972,1972,3,27.09,27.06,0.03
01/04/1972,1972,4,27.9,27.44,0.45
01/05/1972,1972,5,28.31,27.56,0.75
01/06/1972,1972,6,28.18,27.38,0.8
01/07/1972,1972,7,28.14,26.94,1.2
01/08/1972,1972,8,27.94,26.54,1.4
01/09/1972,1972,9,27.94,26.42,1.52
01/10/1972,1972,10,28.25,26.43,1.83
01/11/1972,1972,11,28.6,26.43,2.17
01/12/1972,1972,12,28.68,26.4,2.28
01/01/1973,1973,1,28.33,26.42,1.92
01/02/1973,1973,2,27.95,26.61,1.34
01/03/1973,1973,3,27.56,27.06,0.49
01/04/1973,1973,4,27.25,27.44,-0.19
01/05/1973,1973,5,26.97,27.56,-0.59
01/06/1973,1973,6,26.55,27.38,-0.83
01/07/1973,1973,7,25.76,26.94,-1.18
01/08/1973,1973,8,25.23,26.54,-1.31
01/09/1973,1973,9,25.06,26.42,-1.36
01/10/1973,1973,10,24.74,26.43,-1.69
01/11/1973,1973,11,24.34,26.43,-2.09
01/12/1973,1973,12,24.34,26.4,-2.06
01/01/1974,1974,1,24.47,26.42,-1.95
01/02/1974,1974,2,25.11,26.61,-1.5
01/03/1974,1974,3,25.86,27.06,-1.21
01/04/1974,1974,4,26.48,27.44,-0.97
01/05/1974,1974,5,26.65,27.56,-0.91
01/06/1974,1974,6,26.53,27.38,-0.85
01/07/1974,1974,7,26.39,26.94,-0.55
01/08/1974,1974,8,26.33,26.54,-0.21
01/09/1974,1974,9,26.07,26.42,-0.35
01/10/1974,1974,10,25.77,26.43,-0.66
01/11/1974,1974,11,25.61,26.43,-0.82
01/12/1974,1974,12,25.63,26.4,-0.78
01/01/1975,1975,1,26.1,26.42,-0.32
01/02/1975,1975,2,26.08,26.61,-0.53
01/03/1975,1975,3,26.21,27.06,-0.86
01/04/1975,1975,4,26.87,27.44,-0.58
01/05/1975,1975,5,26.8,27.56,-0.76
01/06/1975,1975,6,26.23,27.38,-1.15
01/07/1975,1975,7,25.9,26.94,-1.04
01/08/1975,1975,8,25.34,26.54,-1.2
01/09/1975,1975,9,25.05,26.42,-1.37
01/10/1975,1975,10,24.89,26.43,-1.54
01/11/1975,1975,11,25.05,26.43,-1.38
01/12/1975,1975,12,24.67,26.4,-1.73
01/01/1976,1976,1,24.54,26.39,-1.84
01/02/1976,1976,2,25.49,26.59,-1.09
01/03/1976,1976,3,26.46,27.04,-0.58
01/04/1976,1976,4,26.89,27.42,-0.53
01/05/1976,1976,5,27.2,27.51,-0.31
01/06/1976,1976,6,27.35,27.35,0
01/07/1976,1976,7,27.12,26.95,0.17
01/08/1976,1976,8,26.98,26.59,0.38
01/09/1976,1976,9,27.02,26.51,0.5
01/10/1976,1976,10,27.46,26.48,0.98
01/11/1976,1976,11,27.41,26.46,0.95
01/12/1976,1976,12,27.08,26.43,0.66
01/01/1977,1977,1,27.32,26.39,0.93
01/02/1977,1977,2,27.13,26.59,0.55
01/03/1977,1977,3,27.48,27.04,0.44
01/04/1977,1977,4,27.45,27.42,0.03
01/05/1977,1977,5,27.72,27.51,0.22
01/06/1977,1977,6,27.74,27.35,0.39
01/07/1977,1977,7,27.38,26.95,0.42
01/08/1977,1977,8,26.84,26.59,0.25
01/09/1977,1977,9,27.11,26.51,0.6
01/10/1977,1977,10,27.34,26.48,0.86
01/11/1977,1977,11,27.18,26.46,0.72
01/12/1977,1977,12,27.29,26.43,0.86
01/01/1978,1978,1,27.17,26.39,0.78
01/02/1978,1978,2,27.01,26.59,0.42
01/03/1978,1978,3,27.1,27.04,0.06
01/04/1978,1978,4,27.12,27.42,-0.3
01/05/1978,1978,5,27.2,27.51,-0.31
01/06/1978,1978,6,27.02,27.35,-0.33
01/07/1978,1978,7,26.74,26.95,-0.22
01/08/1978,1978,8,26.07,26.59,-0.53
01/09/1978,1978,9,26.01,26.51,-0.5
01/10/1978,1978,10,26.25,26.48,-0.23
01/11/1978,1978,11,26.32,26.46,-0.14
01/12/1978,1978,12,26.54,26.43,0.11
01/01/1979,1979,1,26.42,26.39,0.03
01/02/1979,1979,2,26.54,26.59,-0.04
01/03/1979,1979,3,27.28,27.04,0.23
01/04/1979,1979,4,27.84,27.42,0.42
01/05/1979,1979,5,27.69,27.51,0.19
01/06/1979,1979,6,27.43,27.35,0.08
01/07/1979,1979,7,26.82,26.95,-0.13
01/08/1979,1979,8,26.75,26.59,0.16
01/09/1979,1979,9,26.99,26.51,0.48
01/10/1979,1979,10,26.83,26.48,0.35
01/11/1979,1979,11,26.99,26.46,0.53
01/12/1979,1979,12,27.11,26.43,0.69
01/01/1980,1980,1,27.09,26.39,0.7
01/02/1980,1980,2,26.98,26.59,0.39
01/03/1980,1980,3,27.32,27.04,0.28
01/04/1980,1980,4,27.76,27.42,0.34
01/05/1980,1980,5,28.02,27.51,0.51
01/06/1980,1980,6,27.94,27.35,0.59
01/07/1980,1980,7,27.23,26.95,0.28
01/08/1980,1980,8,26.48,26.59,-0.11
01/09/1980,1980,9,26.44,26.51,-0.07
01/10/1980,1980,10,26.46,26.48,-0.02
01/11/1980,1980,11,26.6,26.46,0.14
01/12/1980,1980,12,26.65,26.43,0.22
01/01/1981,1981,1,26.19,26.57,-0.38
01/02/1981,1981,2,26.12,26.75,-0.62
01/03/1981,1981,3,26.66,27.17,-0.51
01/04/1981,1981,4,27.3,27.59,-0.29
01/05/1981,1981,5,27.36,27.66,-0.3
01/06/1981,1981,6,27.27,27.46,-0.19
01/07/1981,1981,7,26.65,27.02,-0.37
01/08/1981,1981,8,26.32,26.64,-0.32
01/09/1981,1981,9,26.52,26.56,-0.04
01/10/1981,1981,10,26.42,26.53,-0.11
01/11/1981,1981,11,26.29,26.52,-0.23
01/12/1981,1981,12,26.4,26.51,-0.11
01/01/1982,1982,1,26.68,26.57,0.11
01/02/1982,1982,2,26.6,26.75,-0.15
01/03/1982,1982,3,27.42,27.17,0.25
01/04/1982,1982,4,28.03,27.59,0.45
01/05/1982,1982,5,28.39,27.66,0.72
01/06/1982,1982,6,28.26,27.46,0.8
01/07/1982,1982,7,27.66,27.02,0.64
01/08/1982,1982,8,27.58,26.64,0.93
01/09/1982,1982,9,28.2,26.56,1.64
01/10/1982,1982,10,28.69,26.53,2.16
01/11/1982,1982,11,28.61,26.52,2.09
01/12/1982,1982,12,28.79,26.51,2.28
01/01/1983,1983,1,28.88,26.57,2.32
01/02/1983,1983,2,28.69,26.75,1.94
01/03/1983,1983,3,28.67,27.17,1.49
01/04/1983,1983,4,28.77,27.59,1.19
01/05/1983,1983,5,28.84,27.66,1.18
01/06/1983,1983,6,28.28,27.46,0.82
01/07/1983,1983,7,27.19,27.02,0.17
01/08/1983,1983,8,26.6,26.64,-0.04
01/09/1983,1983,9,26.2,26.56,-0.36
01/10/1983,1983,10,25.57,26.53,-0.96
01/11/1983,1983,11,25.42,26.52,-1.1
01/12/1983,1983,12,25.58,26.51,-0.94
01/01/1984,1984,1,25.88,26.57,-0.69
01/02/1984,1984,2,26.57,26.75,-0.18
01/03/1984,1984,3,26.78,27.17,-0.39
01/04/1984,1984,4,27.15,27.59,-0.44
01/05/1984,1984,5,27.2,27.66,-0.46
01/06/1984,1984,6,26.83,27.46,-0.63
01/07/1984,1984,7,26.78,27.02,-0.24
01/08/1984,1984,8,26.6,26.64,-0.04
01/09/1984,1984,9,26.38,26.56,-0.19
01/10/1984,1984,10,26.04,26.53,-0.49
01/11/1984,1984,11,25.52,26.52,-1
01/12/1984,1984,12,25.26,26.51,-1.25
01/01/1985,1985,1,25.39,26.57,-1.17
01/02/1985,1985,2,26.04,26.75,-0.71
01/03/1985,1985,3,26.5,27.17,-0.67
01/04/1985,1985,4,26.65,27.59,-0.93
01/05/1985,1985,5,26.91,27.66,-0.75
01/06/1985,1985,6,26.81,27.46,-0.65
01/07/1985,1985,7,26.55,27.02,-0.47
01/08/1985,1985,8,26.29,26.64,-0.35
01/09/1985,1985,9,26.02,26.56,-0.55
01/10/1985,1985,10,26.23,26.53,-0.3
01/11/1985,1985,11,26.33,26.52,-0.2
01/12/1985,1985,12,26.19,26.51,-0.32
01/01/1986,1986,1,25.89,26.46,-0.56
01/02/1986,1986,2,26.06,26.66,-0.6
01/03/1986,1986,3,26.88,27.14,-0.26
01/04/1986,1986,4,27.49,27.58,-0.08
01/05/1986,1986,5,27.41,27.68,-0.27
01/06/1986,1986,6,27.42,27.43,-0.01
01/07/1986,1986,7,27.18,27.01,0.17
01/08/1986,1986,8,27.17,26.66,0.51
01/09/1986,1986,9,27.24,26.59,0.65
01/10/1986,1986,10,27.51,26.54,0.98
01/11/1986,1986,11,27.7,26.5,1.2
01/12/1986,1986,12,27.71,26.47,1.24
01/01/1987,1987,1,27.68,26.46,1.22
01/02/1987,1987,2,27.89,26.66,1.23
01/03/1987,1987,3,28.27,27.14,1.13
01/04/1987,1987,4,28.4,27.58,0.82
01/05/1987,1987,5,28.56,27.68,0.88
01/06/1987,1987,6,28.64,27.43,1.21
01/07/1987,1987,7,28.58,27.01,1.57
01/08/1987,1987,8,28.41,26.66,1.76
01/09/1987,1987,9,28.36,26.59,1.77
01/10/1987,1987,10,27.95,26.54,1.42
01/11/1987,1987,11,27.77,26.5,1.27
01/12/1987,1987,12,27.54,26.47,1.07
01/01/1988,1988,1,27.45,26.46,0.99
01/02/1988,1988,2,27.04,26.66,0.37
01/03/1988,1988,3,27.39,27.14,0.25
01/04/1988,1988,4,27.38,27.58,-0.19
01/05/1988,1988,5,26.68,27.68,-1
01/06/1988,1988,6,25.99,27.43,-1.44
01/07/1988,1988,7,25.56,27.01,-1.45
01/08/1988,1988,8,25.67,26.66,-0.99
01/09/1988,1988,9,25.72,26.59,-0.87
01/10/1988,1988,10,24.82,26.54,-1.71
01/11/1988,1988,11,24.66,26.5,-1.85
01/12/1988,1988,12,24.64,26.47,-1.83
01/01/1989,1989,1,24.59,26.46,-1.87
01/02/1989,1989,2,25.29,26.66,-1.37
01/03/1989,1989,3,26.09,27.14,-1.05
01/04/1989,1989,4,26.75,27.58,-0.82
01/05/1989,1989,5,27.07,27.68,-0.61
01/06/1989,1989,6,27.14,27.43,-0.29
01/07/1989,1989,7,26.71,27.01,-0.3
01/08/1989,1989,8,26.32,26.66,-0.33
01/09/1989,1989,9,26.41,26.59,-0.18
01/10/1989,1989,10,26.32,26.54,-0.22
01/11/1989,1989,11,26.25,26.5,-0.25
01/12/1989,1989,12,26.46,26.47,-0.01
01/01/1990,1990,1,26.56,26.46,0.11
01/02/1990,1990,2,26.98,26.66,0.31
01/03/1990,1990,3,27.34,27.14,0.2
01/04/1990,1990,4,27.9,27.58,0.33
01/05/1990,1990,5,28.02,27.68,0.34
01/06/1990,1990,6,27.65,27.43,0.21
01/07/1990,1990,7,27.38,27.01,0.37
01/08/1990,1990,8,27.07,26.66,0.42
01/09/1990,1990,9,26.94,26.59,0.35
01/10/1990,1990,10,26.93,26.54,0.4
01/11/1990,1990,11,26.81,26.5,0.31
01/12/1990,1990,12,26.96,26.47,0.48
01/01/1991,1991,1,27.04,26.59,0.45
01/02/1991,1991,2,27.08,26.79,0.29
01/03/1991,1991,3,27.33,27.28,0.05
01/04/1991,1991,4,28.02,27.7,0.32
01/05/1991,1991,5,28.2,27.8,0.4
01/06/1991,1991,6,28.25,27.6,0.65
01/07/1991,1991,7,28.05,27.19,0.86
01/08/1991,1991,8,27.53,26.84,0.69
01/09/1991,1991,9,27.14,26.78,0.36
01/10/1991,1991,10,27.58,26.76,0.82
01/11/1991,1991,11,27.89,26.7,1.19
01/12/1991,1991,12,28.28,26.66,1.62
01/01/1992,1992,1,28.37,26.59,1.78
01/02/1992,1992,2,28.53,26.79,1.74
01/03/1992,1992,3,28.66,27.28,1.38
01/04/1992,1992,4,29.02,27.7,1.32
01/05/1992,1992,5,28.97,27.8,1.16
01/06/1992,1992,6,28.3,27.6,0.7
01/07/1992,1992,7,27.51,27.19,0.33
01/08/1992,1992,8,26.91,26.84,0.07
01/09/1992,1992,9,26.66,26.78,-0.13
01/10/1992,1992,10,26.42,26.76,-0.34
01/11/1992,1992,11,26.42,26.7,-0.28
01/12/1992,1992,12,26.45,26.66,-0.21
01/01/1993,1993,1,26.7,26.59,0.1
01/02/1993,1993,2,27.17,26.79,0.38
01/03/1993,1993,3,27.68,27.28,0.4
01/04/1993,1993,4,28.41,27.7,0.71
01/05/1993,1993,5,28.71,27.8,0.91
01/06/1993,1993,6,28.08,27.6,0.48
01/07/1993,1993,7,27.52,27.19,0.33
01/08/1993,1993,8,26.99,26.84,0.15
01/09/1993,1993,9,27.07,26.78,0.29
01/10/1993,1993,10,26.78,26.76,0.02
01/11/1993,1993,11,26.71,26.7,0.01
01/12/1993,1993,12,26.76,26.66,0.1
01/01/1994,1994,1,26.65,26.59,0.06
01/02/1994,1994,2,26.82,26.79,0.03
01/03/1994,1994,3,27.39,27.28,0.11
01/04/1994,1994,4,28.08,27.7,0.38
01/05/1994,1994,5,28.24,27.8,0.43
01/06/1994,1994,6,28.04,27.6,0.44
01/07/1994,1994,7,27.54,27.19,0.35
01/08/1994,1994,8,27.38,26.84,0.54
01/09/1994,1994,9,27.19,26.78,0.41
01/10/1994,1994,10,27.47,26.76,0.71
01/11/1994,1994,11,27.81,26.7,1.11
01/12/1994,1994,12,27.85,26.66,1.19
01/01/1995,1995,1,27.57,26.59,0.98
01/02/1995,1995,2,27.49,26.79,0.71
01/03/1995,1995,3,27.76,27.28,0.48
01/04/1995,1995,4,28.11,27.7,0.41
01/05/1995,1995,5,27.83,27.8,0.02
01/06/1995,1995,6,27.59,27.6,-0.01
01/07/1995,1995,7,27.08,27.19,-0.11
01/08/1995,1995,8,26.23,26.84,-0.61
01/09/1995,1995,9,25.88,26.78,-0.9
01/10/1995,1995,10,25.84,26.76,-0.92
01/11/1995,1995,11,25.61,26.7,-1.1
01/12/1995,1995,12,25.66,26.66,-1
01/01/1996,1996,1,25.7,26.56,-0.86
01/02/1996,1996,2,25.91,26.75,-0.85
01/03/1996,1996,3,26.69,27.24,-0.56
01/04/1996,1996,4,27.36,27.72,-0.36
01/05/1996,1996,5,27.55,27.81,-0.26
01/06/1996,1996,6,27.29,27.59,-0.3
01/07/1996,1996,7,26.85,27.18,-0.32
01/08/1996,1996,8,26.64,26.83,-0.2
01/09/1996,1996,9,26.27,26.73,-0.45
01/10/1996,1996,10,26.27,26.67,-0.4
01/11/1996,1996,11,26.29,26.63,-0.34
01/12/1996,1996,12,25.96,26.56,-0.61
01/01/1997,1997,1,26.02,26.56,-0.54
01/02/1997,1997,2,26.39,26.75,-0.36
01/03/1997,1997,3,27.05,27.24,-0.2
01/04/1997,1997,4,27.99,27.72,0.27
01/05/1997,1997,5,28.58,27.81,0.76
01/06/1997,1997,6,28.81,27.59,1.22
01/07/1997,1997,7,28.85,27.18,1.67
01/08/1997,1997,8,28.74,26.83,1.91
01/09/1997,1997,9,28.84,26.73,2.12
01/10/1997,1997,10,29.07,26.67,2.4
01/11/1997,1997,11,29.11,26.63,2.48
01/12/1997,1997,12,28.89,26.56,2.32
01/01/1998,1998,1,28.93,26.56,2.37
01/02/1998,1998,2,28.79,26.75,2.03
01/03/1998,1998,3,28.63,27.24,1.38
01/04/1998,1998,4,28.61,27.72,0.9
01/05/1998,1998,5,28.52,27.81,0.7
01/06/1998,1998,6,27.35,27.59,-0.24
01/07/1998,1998,7,26.32,27.18,-0.86
01/08/1998,1998,8,25.59,26.83,-1.25
01/09/1998,1998,9,25.47,26.73,-1.26
01/10/1998,1998,10,25.26,26.67,-1.41
01/11/1998,1998,11,25.25,26.63,-1.38
01/12/1998,1998,12,24.92,26.56,-1.64
01/01/1999,1999,1,24.87,26.56,-1.69
01/02/1999,1999,2,25.44,26.75,-1.31
01/03/1999,1999,3,26.34,27.24,-0.9
01/04/1999,1999,4,26.71,27.72,-1
01/05/1999,1999,5,26.79,27.81,-1.02
01/06/1999,1999,6,26.54,27.59,-1.05
01/07/1999,1999,7,26.13,27.18,-1.05
01/08/1999,1999,8,25.64,26.83,-1.19
01/09/1999,1999,9,25.63,26.73,-1.09
01/10/1999,1999,10,25.48,26.67,-1.19
01/11/1999,1999,11,25.13,26.63,-1.5
01/12/1999,1999,12,24.87,26.56,-1.7
01/01/2000,2000,1,24.79,26.56,-1.77
01/02/2000,2000,2,25.23,26.75,-1.53
01/03/2000,2000,3,26.31,27.24,-0.93
01/04/2000,2000,4,26.96,27.72,-0.75
01/05/2000,2000,5,27.08,27.81,-0.74
01/06/2000,2000,6,26.95,27.59,-0.64
01/07/2000,2000,7,26.63,27.18,-0.55
01/08/2000,2000,8,26.37,26.83,-0.47
01/09/2000,2000,9,26.2,26.73,-0.52
01/10/2000,2000,10,26.02,26.67,-0.65
01/11/2000,2000,11,25.92,26.63,-0.71
01/12/2000,2000,12,25.69,26.56,-0.88
01/01/2001,2001,1,25.82,26.45,-0.63
01/02/2001,2001,2,26.14,26.66,-0.53
01/03/2001,2001,3,26.82,27.21,-0.39
01/04/2001,2001,4,27.34,27.73,-0.39
01/05/2001,2001,5,27.6,27.85,-0.24
01/06/2001,2001,6,27.54,27.65,-0.11
01/07/2001,2001,7,27.25,27.26,-0.01
01/08/2001,2001,8,26.8,26.91,-0.1
01/09/2001,2001,9,26.52,26.8,-0.28
01/10/2001,2001,10,26.57,26.75,-0.18
01/11/2001,2001,11,26.34,26.75,-0.41
01/12/2001,2001,12,26.2,26.65,-0.46
01/01/2002,2002,1,26.4,26.45,-0.05
01/02/2002,2002,2,26.72,26.66,0.06
01/03/2002,2002,3,27.3,27.21,0.09
01/04/2002,2002,4,27.85,27.73,0.12
01/05/2002,2002,5,28.24,27.85,0.4
01/06/2002,2002,6,28.44,27.65,0.79
01/07/2002,2002,7,28.03,27.26,0.77
01/08/2002,2002,8,27.72,26.91,0.81
01/09/2002,2002,9,27.81,26.8,1.01
01/10/2002,2002,10,27.96,26.75,1.2
01/11/2002,2002,11,28.16,26.75,1.41
01/12/2002,2002,12,27.97,26.65,1.31
01/01/2003,2003,1,27.16,26.45,0.7
01/02/2003,2003,2,27.4,26.66,0.74
01/03/2003,2003,3,27.66,27.21,0.45
01/04/2003,2003,4,27.69,27.73,-0.05
01/05/2003,2003,5,27.32,27.85,-0.52
01/06/2003,2003,6,27.44,27.65,-0.21
01/07/2003,2003,7,27.5,27.26,0.24
01/08/2003,2003,8,27.11,26.91,0.2
01/09/2003,2003,9,26.98,26.8,0.19
01/10/2003,2003,10,27.14,26.75,0.38
01/11/2003,2003,11,27.04,26.75,0.29
01/12/2003,2003,12,27.04,26.65,0.38
01/01/2004,2004,1,26.83,26.45,0.38
01/02/2004,2004,2,27,26.66,0.34
01/03/2004,2004,3,27.41,27.21,0.21
01/04/2004,2004,4,27.89,27.73,0.16
01/05/2004,2004,5,27.99,27.85,0.14
01/06/2004,2004,6,27.85,27.65,0.2
01/07/2004,2004,7,27.77,27.26,0.51
01/08/2004,2004,8,27.6,26.91,0.7
01/09/2004,2004,9,27.52,26.8,0.72
01/10/2004,2004,10,27.44,26.75,0.68
01/11/2004,2004,11,27.36,26.75,0.61
01/12/2004,2004,12,27.34,26.65,0.69
01/01/2005,2005,1,27.21,26.45,0.76
01/02/2005,2005,2,27.12,26.66,0.46
01/03/2005,2005,3,27.74,27.21,0.53
01/04/2005,2005,4,28.09,27.73,0.35
01/05/2005,2005,5,28.24,27.85,0.39
01/06/2005,2005,6,27.77,27.65,0.12
01/07/2005,2005,7,27.07,27.26,-0.19
01/08/2005,2005,8,26.8,26.91,-0.1
01/09/2005,2005,9,26.68,26.8,-0.11
01/10/2005,2005,10,26.65,26.75,-0.1
01/11/2005,2005,11,26.11,26.75,-0.64
01/12/2005,2005,12,25.68,26.65,-0.97
01/01/2006,2006,1,25.64,26.55,-0.91
01/02/2006,2006,2,26.09,26.76,-0.67
01/03/2006,2006,3,26.58,27.29,-0.71
01/04/2006,2006,4,27.51,27.83,-0.32
01/05/2006,2006,5,27.85,27.94,-0.09
01/06/2006,2006,6,27.73,27.73,0
01/07/2006,2006,7,27.3,27.29,0.01
01/08/2006,2006,8,27.16,26.86,0.31
01/09/2006,2006,9,27.32,26.72,0.6
01/10/2006,2006,10,27.42,26.72,0.7
01/11/2006,2006,11,27.7,26.7,0.99
01/12/2006,2006,12,27.74,26.6,1.14
01/01/2007,2007,1,27.25,26.55,0.7
01/02/2007,2007,2,26.9,26.76,0.13
01/03/2007,2007,3,27.12,27.29,-0.18
01/04/2007,2007,4,27.51,27.83,-0.31
01/05/2007,2007,5,27.46,27.94,-0.47
01/06/2007,2007,6,27.37,27.73,-0.36
01/07/2007,2007,7,26.7,27.29,-0.59
01/08/2007,2007,8,26.13,26.86,-0.72
01/09/2007,2007,9,25.61,26.72,-1.11
01/10/2007,2007,10,25.33,26.72,-1.39
01/11/2007,2007,11,25.17,26.7,-1.53
01/12/2007,2007,12,25.02,26.6,-1.58
01/01/2008,2008,1,24.87,26.55,-1.68
01/02/2008,2008,2,25.1,26.76,-1.66
01/03/2008,2008,3,26.09,27.29,-1.21
01/04/2008,2008,4,26.84,27.83,-0.99
01/05/2008,2008,5,27.09,27.94,-0.84
01/06/2008,2008,6,27.04,27.73,-0.68
01/07/2008,2008,7,26.99,27.29,-0.3
01/08/2008,2008,8,26.72,26.86,-0.13
01/09/2008,2008,9,26.47,26.72,-0.25
01/10/2008,2008,10,26.37,26.72,-0.35
01/11/2008,2008,11,26.25,26.7,-0.46
01/12/2008,2008,12,25.74,26.6,-0.86
01/01/2009,2009,1,25.67,26.55,-0.89
01/02/2009,2009,2,25.97,26.76,-0.79
01/03/2009,2009,3,26.6,27.29,-0.7
01/04/2009,2009,4,27.48,27.83,-0.35
01/05/2009,2009,5,27.99,27.94,0.06
01/06/2009,2009,6,28.04,27.73,0.31
01/07/2009,2009,7,27.77,27.29,0.48
01/08/2009,2009,8,27.42,26.86,0.56
01/09/2009,2009,9,27.4,26.72,0.68
01/10/2009,2009,10,27.61,26.72,0.89
01/11/2009,2009,11,28.15,26.7,1.45
01/12/2009,2009,12,28.33,26.6,1.73
01/01/2010,2010,1,28.06,26.55,1.51
01/02/2010,2010,2,28.01,26.76,1.25
01/03/2010,2010,3,28.19,27.29,0.9
01/04/2010,2010,4,28.21,27.83,0.38
01/05/2010,2010,5,27.72,27.94,-0.22
01/06/2010,2010,6,27.04,27.73,-0.69
01/07/2010,2010,7,26.22,27.29,-1.07
01/08/2010,2010,8,25.47,26.86,-1.38
01/09/2010,2010,9,25.12,26.72,-1.59
01/10/2010,2010,10,25.03,26.72,-1.69
01/11/2010,2010,11,25.06,26.7,-1.64
01/12/2010,2010,12,25,26.6,-1.6
01/01/2011,2011,1,25.01,26.55,-1.54
01/02/2011,2011,2,25.66,26.76,-1.11
01/03/2011,2011,3,26.38,27.29,-0.92
01/04/2011,2011,4,27.07,27.83,-0.76
01/05/2011,2011,5,27.41,27.94,-0.52
01/06/2011,2011,6,27.35,27.73,-0.38
01/07/2011,2011,7,26.87,27.29,-0.42
01/08/2011,2011,8,26.21,26.86,-0.64
01/09/2011,2011,9,25.92,26.72,-0.8
01/10/2011,2011,10,25.67,26.72,-1.05
01/11/2011,2011,11,25.52,26.7,-1.18
01/12/2011,2011,12,25.55,26.6,-1.05
01/01/2012,2012,1,25.68,26.55,-0.87
01/02/2012,2012,2,26.1,26.76,-0.67
01/03/2012,2012,3,26.69,27.29,-0.61
01/04/2012,2012,4,27.33,27.83,-0.49
01/05/2012,2012,5,27.62,27.94,-0.32
01/06/2012,2012,6,27.75,27.73,0.02
01/07/2012,2012,7,27.54,27.29,0.25
01/08/2012,2012,8,27.32,26.86,0.47
01/09/2012,2012,9,27.1,26.72,0.38
01/10/2012,2012,10,26.98,26.72,0.26
01/11/2012,2012,11,26.86,26.7,0.15
01/12/2012,2012,12,26.35,26.6,-0.25
01/01/2013,2013,1,26.02,26.55,-0.53
01/02/2013,2013,2,26.25,26.76,-0.51
01/03/2013,2013,3,27.04,27.29,-0.25
01/04/2013,2013,4,27.58,27.83,-0.25
01/05/2013,2013,5,27.53,27.94,-0.4
01/06/2013,2013,6,27.3,27.73,-0.43
01/07/2013,2013,7,26.9,27.29,-0.39
01/08/2013,2013,8,26.47,26.86,-0.38
01/09/2013,2013,9,26.53,26.72,-0.18
01/10/2013,2013,10,26.52,26.72,-0.2
01/11/2013,2013,11,26.56,26.7,-0.14
01/12/2013,2013,12,26.43,26.6,-0.17
01/01/2014,2014,1,26.06,26.55,-0.49
01/02/2014,2014,2,26.15,26.76,-0.61
01/03/2014,2014,3,27.02,27.29,-0.28
01/04/2014,2014,4,27.91,27.83,0.09
01/05/2014,2014,5,28.26,27.94,0.32
01/06/2014,2014,6,27.96,27.73,0.23
01/07/2014,2014,7,27.23,27.29,-0.06
01/08/2014,2014,8,26.83,26.86,-0.03
01/09/2014,2014,9,27.01,26.72,0.29
01/10/2014,2014,10,27.16,26.72,0.44
01/11/2014,2014,11,27.46,26.7,0.75
01/12/2014,2014,12,27.32,26.6,0.72
01/01/2015,2015,1,27.06,26.55,0.51
01/02/2015,2015,2,27.18,26.76,0.42
01/03/2015,2015,3,27.77,27.29,0.47
01/04/2015,2015,4,28.53,27.83,0.7
01/05/2015,2015,5,28.85,27.94,0.92
01/06/2015,2015,6,28.9,27.73,1.17
01/07/2015,2015,7,28.75,27.29,1.45
01/08/2015,2015,8,28.78,26.86,1.93
01/09/2015,2015,9,28.92,26.72,2.2
01/10/2015,2015,10,29.07,26.72,2.36
01/11/2015,2015,11,29.41,26.7,2.71
01/12/2015,2015,12,29.26,26.6,2.65
01/01/2016,2016,1,29.11,26.55,2.56
01/02/2016,2016,2,29,26.76,2.24
01/03/2016,2016,3,28.9,27.29,1.61
01/04/2016,2016,4,28.73,27.83,0.9
01/05/2016,2016,5,28.24,27.94,0.3
01/06/2016,2016,6,27.7,27.73,-0.03
01/07/2016,2016,7,26.82,27.29,-0.47
01/08/2016,2016,8,26.28,26.86,-0.57
01/09/2016,2016,9,26.15,26.72,-0.57
01/10/2016,2016,10,25.98,26.72,-0.74
01/11/2016,2016,11,25.95,26.7,-0.76
01/12/2016,2016,12,26.1,26.6,-0.5
01/01/2017,2017,1,26.12,26.55,-0.43
01/02/2017,2017,2,26.68,26.76,-0.08
01/03/2017,2017,3,27.33,27.29,0.03
01/04/2017,2017,4,28.04,27.83,0.21
01/05/2017,2017,5,28.3,27.94,0.36
01/06/2017,2017,6,28.06,27.73,0.33
01/07/2017,2017,7,27.54,27.29,0.25
01/08/2017,2017,8,26.7,26.86,-0.16
01/09/2017,2017,9,26.29,26.72,-0.43
01/10/2017,2017,10,26.15,26.72,-0.56
01/11/2017,2017,11,25.74,26.7,-0.96
01/12/2017,2017,12,25.62,26.6,-0.99
01/01/2018,2018,1,25.57,26.55,-0.98
01/02/2018,2018,2,25.98,26.76,-0.78
01/03/2018,2018,3,26.5,27.29,-0.8
01/04/2018,2018,4,27.32,27.83,-0.51
01/05/2018,2018,5,27.74,27.94,-0.2
01/06/2018,2018,6,27.77,27.73,0.05
01/07/2018,2018,7,27.42,27.29,0.12
01/08/2018,2018,8,26.95,26.86,0.09
01/09/2018,2018,9,27.19,26.72,0.47
01/10/2018,2018,10,27.62,26.72,0.9
01/11/2018,2018,11,27.61,26.7,0.9
01/12/2018,2018,12,27.49,26.6,0.89
01/01/2019,2019,1,27.2,26.55,0.65
01/02/2019,2019,2,27.48,26.76,0.71
01/03/2019,2019,3,28.1,27.29,0.8
01/04/2019,2019,4,28.45,27.83,0.62
01/05/2019,2019,5,28.49,27.94,0.55
01/06/2019,2019,6,28.18,27.73,0.45
01/07/2019,2019,7,27.64,27.29,0.35
01/08/2019,2019,8,26.9,26.86,0.04
01/09/2019,2019,9,26.75,26.72,0.04
01/10/2019,2019,10,27.2,26.72,0.48
01/11/2019,2019,11,27.23,26.7,0.52
01/12/2019,2019,12,27.12,26.6,0.52
01/01/2020,2020,1,27.16,26.55,0.6
01/02/2020,2020,2,27.13,26.76,0.37
01/03/2020,2020,3,27.77,27.29,0.48
01/04/2020,2020,4,28.19,27.83,0.36
01/05/2020,2020,5,27.66,27.94,-0.27
01/06/2020,2020,6,27.39,27.73,-0.34
01/07/2020,2020,7,26.99,27.29,-0.3
01/08/2020,2020,8,26.27,26.86,-0.59
01/09/2020,2020,9,25.89,26.72,-0.83
01/10/2020,2020,10,25.46,26.72,-1.25
01/11/2020,2020,11,25.28,26.7,-1.42
01/12/2020,2020,12,25.45,26.6,-1.15
01/01/2021,2021,1,25.56,26.55,-0.99
01/02/2021,2021,2,25.76,26.76,-1
01/03/2021,2021,3,26.5,27.29,-0.8
01/04/2021,2021,4,27.11,27.83,-0.72
01/05/2021,2021,5,27.48,27.94,-0.46
01/06/2021,2021,6,27.45,27.73,-0.28
01/07/2021,2021,7,26.9,27.29,-0.39
01/08/2021,2021,8,26.32,26.86,-0.53
01/09/2021,2021,9,26.16,26.72,-0.55
01/10/2021,2021,10,25.78,26.72,-0.94
01/11/2021,2021,11,25.76,26.7,-0.94
01/12/2021,2021,12,25.54,26.6,-1.06
01/01/2022,2022,1,25.61,26.55,-0.95
01/02/2022,2022,2,25.88,26.76,-0.89
01/03/2022,2022,3,26.33,27.29,-0.97
01/04/2022,2022,4,26.72,27.83,-1.11
01/05/2022,2022,5,26.83,27.94,-1.11
01/06/2022,2022,6,26.98,27.73,-0.75
01/07/2022,2022,7,26.6,27.29,-0.7
01/08/2022,2022,8,25.88,26.86,-0.97
01/09/2022,2022,9,25.65,26.72,-1.07
01/10/2022,2022,10,25.73,26.72,-0.99
01/11/2022,2022,11,25.8,26.7,-0.9
01/12/2022,2022,12,25.75,26.6,-0.86
01/01/2023,2023,1,25.83,26.55,-0.72
01/02/2023,2023,2,26.3,26.76,-0.46
01/03/2023,2023,3,27.18,27.29,-0.11
01/04/2023,2023,4,27.96,27.83,0.13
01/05/2023,2023,5,28.39,27.94,0.46
01/06/2023,2023,6,28.56,27.73,0.84
01/07/2023,2023,7,28.31,27.29,1.02
01/08/2023,2023,8,28.2,26.86,1.35
01/09/2023,2023,9,28.32,26.72,1.6
01/10/2023,2023,10,28.44,26.72,1.72
01/11/2023,2023,11,28.72,26.7,2.02
01/12/2023,2023,12,28.63,26.6,2.02
01/01/2024,2024,1,28.37,26.55,1.82
01/02/2024,2024,2,28.28,26.76,1.52
01/03/2024,2024,3,28.42,27.29,1.12
01/04/2024,2024,4,28.6,27.83,0.78
01/05/2024,2024,5,28.17,27.94,0.24
01/06/2024,2024,6,27.91,27.73,0.18
01/07/2024,2024,7,27.34,27.29,0.05
01/08/2024,2024,8,26.79,26.86,-0.07
